altura,posicion
191,P
184,M
185,A
180,D
181,M
187,D
170,M
179,M
183,M
186,A
185,M
170,M
187,A
183,A
173,A
188,M
183,D
180,A
188,D
175,M
193,P
180,D
185,D
170,M
183,M
173,M
185,M
185,D
168,M
190,P
178,D
185,P
185,D
193,D
183,M
184,A
178,M
180,D
177,M
188,P
177,M
187,P
186,A
183,D
189,P
179,A
196,P
190,P
189,P
188,P
188,A
188,D
182,A
185,D
184,D
178,M
185,D
193,M
188,D
179,D
189,P
188,P
180,D
178,M
186,M
188,P
180,M
185,D
172,M
179,M
180,D
174,D
183,M
178,M
187,D
178,A
193,A
181,M
180,M
187,M
179,A
173,D
175,D
188,A
187,A
175,M
171,M
179,M
180,D
188,D
185,A
196,A
183,D
184,M
186,M
178,M
188,D
168,M
176,M
178,D
178,M
192,A
172,M
170,M
190,P
175,M
174,D
179,M
177,M
187,D
184,M
185,M
175,A
193,P
185,D
191,M
181,P
183,M
176,M
176,M
182,M
192,D
187,D
170,M
189,D
171,M
181,D
183,M
178,M
182,A
186,M
191,P
175,A
179,M
180,D
181,M
178,D
193,P
179,D
181,D
186,M
190,A
190,P
192,M
185,D
178,A
182,D
171,A
182,A
173,M
192,D
175,M
183,A
183,P
184,D
176,M
183,P
186,A
178,D
185,D
188,D
193,P
193,P
170,M
188,D
196,P
175,D
180,M
184,P
173,A
180,D
190,P
186,P
182,D
183,M
195,P
188,D
187,D
190,D
180,M
194,D
182,M
182,D
183,D
178,A
183,D
171,D
185,D
177,M
180,M
195,A
173,D
185,M
186,M
187,D
178,M
185,A
174,A
175,D
176,A
191,P
170,M
183,A
180,A
174,D
191,D
179,A
178,D
187,P
191,D
183,M
180,D
184,D
183,M
180,M
185,P
184,D
181,M
186,P
185,P
182,D
175,M
173,D
175,D
176,M
174,A
184,D
177,D
185,M
162,A
180,A
171,A
183,A
180,A
180,M
191,D
196,D
191,A
176,M
186,P
171,M
190,P
188,A
180,A
185,P
176,M
187,D
188,M
182,D
178,D
176,M
175,M
177,A
191,A
183,D
189,D
173,D
180,M
180,M
185,P
185,D
180,M
181,M
183,D
180,D
185,D
175,M
175,M
177,M
177,D
182,M
167,A
176,A
180,D
194,D
180,M
187,P
174,A
182,D
174,D
181,D
188,P
188,D
180,M
183,D
183,A
184,A
188,P
170,A
182,D
183,M
170,M
186,P
191,A
187,A
188,M
177,D
180,A
182,M
174,M
183,M
178,D
182,D
190,D
180,M
182,D
181,A
180,M
176,M
172,M
186,A
180,M
185,M
186,D
179,M
185,D
180,M
187,M
181,A
185,D
181,D
183,M
181,A
175,D
187,D
178,M
182,M
182,M
183,D
184,M
170,D
178,A
175,D
186,D
175,M
178,D
185,A
178,D
190,D
187,P
173,M
186,M
177,M
193,P
183,M
175,A
185,D
179,D
167,M
175,A
183,P
188,M
184,D
191,A
184,M
170,A
169,A
175,A
175,M
185,P
193,A
172,A
179,M
180,A
179,D
186,D
180,D
176,A
190,P
175,D
175,D
186,D
196,D
186,P
187,A
182,P
178,D
185,D
183,M
191,P
183,D
185,D
186,D
180,A
169,D
185,D
194,P
186,D
183,D
183,D
191,P
189,D
194,P
174,A
168,M
185,A
160,M
191,A
185,D
186,D
179,D
188,P
185,P
189,P
183,M
183,A
176,M
183,D
180,M
171,A
187,P
175,M
190,D
178,M
175,M
181,D
185,A
188,P
180,M
171,A
184,P
176,P
181,M
183,A
178,A
171,M
187,P
186,P
186,D
174,M
174,A
186,D
193,A
191,D
180,D
181,A
177,D
195,M
190,D
185,D
168,M
183,D
175,A
191,P
184,D
182,D
188,P
182,A
180,D
192,D
191,P
185,D
188,A
180,M
179,A
183,A
192,P
183,D
183,A
180,D
173,A
180,D
190,P
183,D
182,D
175,A
180,A
178,M
181,A
188,P
175,M
180,D
183,A
191,D
183,M
180,M
182,D
178,M
189,P
183,D
183,M
178,A
170,A
178,M
173,M
180,M
184,P
180,P
188,D
180,A
184,M
191,P
188,D
195,M
197,P
186,M
191,M
189,P
196,M
185,D
178,A
200,D
176,M
184,M
189,A
181,M
185,P
184,A
191,P
191,A
184,M
190,P
190,P
170,D
183,D
183,M
169,M
183,D
185,P
178,A
183,M
186,P
190,A
186,P
188,D
186,D
183,M
179,M
172,M
185,D
180,M
183,M
189,P
180,M
182,D
185,M
180,D
193,P
185,M
175,A
182,P
182,A
180,M
185,M
180,A
188,M
175,M
183,A
185,A
185,A
176,M
189,P
186,D
181,D
181,M
185,D
188,P
176,D
179,M
178,M
178,M
180,A
185,D
183,A
183,D
185,A
186,M
185,M
188,D
172,M
175,M
186,D
181,D
190,P
177,M
184,A
191,P
173,A
178,A
180,M
185,D
183,P
186,D
175,M
189,M
189,P
189,P
189,D
183,D
166,M
178,D
175,M
179,M
185,M
180,M
190,P
181,M
185,D
179,M
185,D
188,P
183,A
173,M
180,D
181,M
175,A
182,A
177,D
182,D
180,D
182,M
184,P
181,D
177,A
178,M
180,D
183,A
194,P
185,M
191,D
180,M
187,D
181,A
183,A
183,M
180,A
185,D
178,D
177,M
183,A
178,M
173,M
183,A
191,D
188,P
188,A
178,M
175,D
186,M
183,A
180,D
184,D
184,D
194,P
174,D
178,M
193,P
175,M
190,M
186,P
186,M
180,M
186,D
183,M
177,D
180,D
175,M
184,D
184,A
178,M
166,D
183,D
186,P
168,D
178,M
181,M
188,P
187,P
180,M
172,D
185,D
186,A
191,P
172,D
184,D
186,D
192,P
180,A
177,A
183,D
175,A
180,D
170,M
180,D
188,D
180,A
178,M
196,P
192,D
186,M
175,D
184,M
175,A
171,A
187,P
170,M
183,D
184,A
178,D
187,D
179,M
177,A
172,A
180,D
170,M
177,M
184,D
185,A
191,D
188,M
193,A
183,M
188,D
185,D
183,D
185,A
187,P
189,D
188,D
174,M
173,M
172,A
179,M
171,A
176,D
173,M
185,A
183,A
187,P
178,A
176,D
187,A
171,M
185,A
174,D
186,D
179,D
192,P
173,A
183,D
183,D
183,D
186,A
184,A
185,A
171,M
184,P
189,P
183,D
173,A
184,P
183,D
184,A
184,M
179,M
184,D
185,P
181,M
170,A
176,M
191,D
173,M
183,M
178,M
189,D
183,A
187,P
202,P
180,D
183,M
186,D
182,D
186,D
182,M
190,P
178,M
185,D
181,D
186,D
171,A
183,A
185,P
184,D
190,D
167,M
175,M
172,D
190,D
168,M
180,M
188,D
191,A
178,M
178,D
175,M
183,M
191,M
183,A
182,P
187,D
181,D
175,D
186,A
175,M
189,M
180,A
188,M
180,M
183,D
179,M
184,D
178,M
185,A
185,D
182,D
179,M
183,M
170,M
183,D
178,M
187,M
184,D
168,M
186,M
183,M
179,D
186,D
170,A
178,D
184,A
191,A
187,D
174,D
178,M
186,M
184,A
193,A
188,P
185,A
188,P
173,M
175,M
195,P
180,D
187,P
182,A
183,P
188,D
173,M
197,P
173,M
187,D
184,D
190,D
188,P
174,M
190,P
185,D
182,D
191,D
187,D
193,P
173,A
180,M
172,M
176,D
191,P
187,P
184,P
184,D
199,D
175,M
191,D
190,D
183,P
192,D
191,A
189,D
174,M
185,D
184,D
185,D
185,M
193,D
183,M
189,D
177,M
183,D
188,D
170,M
185,M
178,D
188,D
178,A
170,M
193,D
173,M
173,A
180,M
180,D
175,A
173,M
185,D
185,P
189,D
176,D
173,A
183,D
175,M
179,D
193,P
188,A
183,D
183,A
175,M
183,A
176,A
180,P
185,D
180,M
187,D
180,A
177,D
196,A
175,M
176,M
188,D
187,D
183,D
173,A
191,P
183,A
188,D
186,M
176,M
173,M
171,D
179,A
173,A
192,D
182,D
180,M
191,D
182,D
192,D
185,P
192,D
186,M
179,D
178,D
186,A
179,D
176,M
182,M
184,M
178,M
182,A
182,M
190,M
183,D
188,A
187,M
183,D
172,M
175,M
182,M
179,M
174,M
188,P
186,D
174,M
191,A
180,D
188,D
183,M
183,M
184,M
180,A
175,M
188,P
181,A
188,A
186,P
188,A
175,A
188,P
178,M
180,D
175,M
185,D
185,A
176,D
184,D
173,M
182,D
176,M
185,D
194,D
185,M
177,D
184,D
171,A
186,A
184,A
178,M
180,A
187,D
186,D
180,M
190,A
188,P
182,D
174,M
193,A
178,D
184,P
170,D
166,M
176,M
168,A
200,D
180,M
182,D
192,D
167,D
186,P
178,M
175,A
174,A
188,A
184,D
189,P
174,M
193,P
182,M
194,P
183,P
170,M
170,M
173,M
184,D
178,P
177,D
178,A
172,A
169,A
191,A
175,A
176,D
178,M
183,D
181,D
175,M
191,D
181,A
177,A
170,M
180,D
184,P
186,D
178,M
191,A
183,D
178,D
188,A
180,M
178,M
178,D
193,D
177,A
183,D
179,M
170,D
183,A
179,A
184,D
184,M
174,M
190,P
191,D
188,A
180,A
185,A
183,D
194,D
183,P
178,M
180,M
183,A
171,M
178,M
184,P
190,D
185,D
185,D
173,A
188,P
185,M
178,D
173,M
189,D
194,P
169,M
179,A
170,M
183,D
188,A
173,M
190,P
182,D
191,D
176,A
179,M
192,D
189,M
183,P
180,M
178,M
194,P
178,A
180,M
185,D
183,D
184,A
181,D
184,A
170,D
183,D
179,M
179,M
172,D
178,M
188,P
187,D
170,M
178,M
186,D
180,P
185,M
175,M
173,P
175,D
173,D
167,M
173,M
181,D
188,D
180,A
180,M
184,A
164,M
170,A
179,D
179,D
173,D
178,A
182,D
187,P
179,A
175,M
191,D
180,D
180,D
183,P
172,M
187,A
179,D
184,P
167,M
182,D
175,A
193,P
188,P
189,A
182,D
165,M
173,A
181,D
183,P
180,D
180,D
183,A
183,D
183,D
180,A
173,M
180,M
190,P
185,D
183,D
167,M
191,P
185,D
185,D
182,D
178,D
183,D
183,D
184,D
189,D
182,A
186,D
178,M
187,A
182,M
185,M
182,M
191,A
185,D
185,D
191,D
173,M
180,D
168,A
187,D
182,A
183,D
183,D
186,D
174,D
193,D
188,M
185,D
199,P
186,D
174,M
170,A
189,M
186,P
176,M
178,M
188,M
175,D
178,M
173,M
177,M
189,M
178,A
183,D
176,M
185,A
198,P
175,M
183,M
180,D
194,D
175,M
181,A
174,A
183,A
188,P
185,M
175,D
174,M
171,M
175,D
189,P
182,D
189,P
177,D
183,M
185,M
183,A
178,D
185,P
177,A
175,D
172,A
181,A
170,D
179,A
170,M
164,A
166,M
176,M
176,M
191,D
169,M
175,M
184,D
184,D
168,M
178,D
179,D
177,D
185,A
171,M
179,D
173,M
182,A
183,A
193,P
191,P
189,M
176,A
185,M
177,D
172,D
177,D
188,P
178,A
185,P
181,D
175,M
181,D
183,M
175,D
177,A
180,M
181,D
174,M
182,D
185,P
173,M
185,D
173,D
188,M
189,D
188,P
173,A
180,D
182,D
190,P
180,P
181,D
174,A
184,A
182,M
177,A
182,D
188,P
175,A
176,M
184,P
187,P
193,D
175,M
185,D
181,M
186,D
182,M
180,M
178,M
182,M
175,A
184,D
184,A
182,D
180,M
182,M
178,M
183,A
168,M
183,P
186,M
191,A
185,M
177,M
186,A
172,D
181,P
176,M
181,M
185,D
185,D
182,M
185,M
177,M
177,D
180,D
175,M
188,A
174,M
177,D
179,P
171,D
170,M
185,D
186,D
168,M
180,A
185,P
176,A
182,P
188,P
180,D
179,M
194,A
181,M
181,D
181,M
188,P
182,D
177,M
191,D
176,A
182,D
183,D
176,D
184,P
175,D
196,P
177,M
175,D
179,A
187,A
181,M
175,M
174,M
178,A
192,P
178,M
183,D
182,A
167,A
187,P
185,A
179,M
166,M
180,D
190,D
176,D
177,D
171,A
181,D
187,P
185,D
176,M
174,A
179,M
188,A
178,M
173,M
188,M
180,M
178,M
185,M
177,A
172,M
178,M
184,D
193,P
185,M
187,A
190,P
188,A
189,P
177,M
180,M
175,M
180,M
178,A
185,A
194,P
188,P
182,A
170,M
176,M
190,A
168,M
186,D
172,A
177,M
176,M
181,M
185,P
175,M
180,M
185,A
186,D
193,P
178,D
185,P
189,D
190,D
185,D
182,A
191,M
178,M
187,M
175,D
193,A
178,D
182,M
179,M
178,D
187,D
174,A
179,A
191,A
170,A
178,M
180,A
193,P
182,M
176,D
176,M
176,M
186,A
187,D
175,M
187,M
187,P
176,M
184,A
173,M
186,D
190,M
191,A
187,M
186,M
196,P
186,D
175,D
194,P
184,D
193,M
192,D
172,D
179,M
190,D
183,D
192,D
182,M
184,M
183,M
186,A
172,M
172,A
175,M
192,D
187,M
198,P
178,D
172,A
190,M
185,A
182,M
196,P
185,A
182,D
183,D
184,D
188,P
181,D
175,A
176,A
175,M
191,M
190,D
174,M
184,A
180,M
181,M
184,M
177,M
183,D
174,A
180,D
175,A
179,M
179,A
177,M
177,M
175,M
175,M
182,M
188,P
172,A
181,M
185,D
176,M
180,D
180,A
195,P
178,D
180,M
183,A
186,A
185,A
175,A
181,M
180,D
186,P
188,A
189,M
193,A
190,P
185,D
189,D
191,D
187,D
182,A
192,D
181,M
170,D
183,D
176,A
188,M
191,P
177,D
172,M
177,M
188,P
181,A
178,M
178,D
168,M
178,M
182,M
189,A
174,A
185,A
185,D
183,M
186,A
188,D
182,M
186,A
174,D
179,A
187,P
185,A
177,A
188,P
192,P
183,M
172,M
191,D
184,M
168,M
186,D
177,M
180,D
199,P
189,D
180,M
189,A
178,D
172,M
185,P
180,D
171,M
190,P
186,D
185,P
173,A
178,D
179,M
182,A
184,A
182,M
179,M
196,D
182,D
185,M
184,A
180,D
179,M
178,A
185,D
178,D
184,A
173,M
171,M
172,M
185,M
184,A
178,M
180,D
175,M
185,D
188,P
196,P
180,A
173,A
178,A
175,A
182,D
188,D
183,A
185,D
177,M
183,M
190,A
184,A
186,D
175,D
188,M
188,P
171,A
183,D
185,A
196,P
185,P
170,A
183,D
183,M
170,A
173,D
180,M
180,M
188,A
185,D
178,M
173,M
185,D
185,D
180,M
188,D
185,P
177,M
182,A
185,A
184,D
177,A
168,D
183,D
188,P
188,D
171,D
188,P
191,D
186,A
183,D
184,D
180,D
177,M
187,D
178,M
180,M
179,P
189,A
192,D
187,P
186,D
185,M
193,A
179,M
185,M
190,P
182,M
185,P
180,D
185,D
191,D
173,M
191,A
177,D
183,D
175,D
198,P
185,M
173,A
178,D
180,M
193,P
178,M
176,D
175,M
180,M
182,A
191,A
175,M
177,D
184,M
185,A
185,M
198,A
180,M
188,D
176,M
185,D
193,P
173,M
173,A
185,D
191,A
188,A
178,D
183,M
191,D
192,D
178,M
183,D
192,D
175,M
180,M
165,M
180,M
180,M
178,A
182,D
181,A
192,D
186,M
186,A
170,M
183,M
186,M
185,D
178,M
189,D
189,M
181,M
175,M
172,A
187,D
185,M
175,M
180,M
178,M
191,D
180,D
188,P
193,D
169,M
180,D
170,M
185,A
185,D
188,P
180,D
175,A
180,A
183,A
175,M
177,M
174,M
182,M
184,M
180,P
184,D
180,D
178,A
183,M
184,D
193,D
175,M
174,A
175,A
188,D
183,P
185,P
178,M
188,D
175,A
172,M
185,P
186,P
186,P
182,D
177,M
185,M
176,A
175,D
180,D
172,M
175,M
182,D
186,A
176,M
182,D
175,M
183,A
180,P
184,P
190,D
188,P
186,M
185,M
172,M
175,M
172,D
172,M
182,D
174,A
188,D
190,M
194,D
168,D
185,P
188,A
183,A
185,M
185,D
178,D
171,A
173,M
180,M
200,D
178,A
178,M
164,M
182,M
186,D
195,A
191,M
186,P
185,D
173,D
180,A
185,A
177,M
178,A
180,M
184,D
186,D
183,P
186,M
183,D
174,M
178,M
181,D
183,D
185,D
174,D
184,D
192,A
181,M
174,M
186,M
191,D
180,M
188,P
188,A
188,D
182,D
193,P
193,M
179,M
183,A
182,A
182,M
183,M
184,A
184,D
185,A
168,D
175,M
185,P
173,M
181,D
184,D
186,M
191,M
179,A
181,M
183,M
181,P
196,A
184,A
186,P
184,D
181,D
188,M
180,D
186,D
180,D
183,A
184,D
189,P
182,M
185,A
183,D
186,D
193,P
188,P
188,P
188,D
180,M
193,P
186,M
185,D
185,M
183,M
180,A
198,P
178,M
178,D
185,D
180,M
182,P
182,A
185,P
173,A
180,A
185,M
191,D
175,A
180,M
174,A
183,M
183,D
181,P
190,D
169,M
170,A
182,A
172,M
180,M
182,D
186,P
183,D
191,D
185,A
185,A
178,A
188,P
187,D
175,M
180,D
198,P
190,D
192,D
183,D
190,P
181,M
170,M
189,D
186,D
188,D
178,A
186,A
180,D
175,A
180,A
163,D
182,D
177,M
183,P
177,M
172,M
173,D
165,M
172,A
173,M
177,A
184,P
183,D
179,D
174,M
170,M
192,A
188,P
191,D
191,P
185,D
191,D
175,M
185,A
185,M
178,M
165,M
163,A
180,A
178,D
180,M
175,M
179,M
176,M
183,A
186,D
180,D
187,M
171,M
170,M
177,P
185,M
176,A
182,M
176,A
180,D
170,M
183,D
183,D
180,A
192,D
178,M
178,M
180,D
180,M
165,A
168,D
192,M
178,D
185,M
179,M
181,M
193,P
186,A
175,D
175,M
191,D
190,D
175,M
172,D
176,A
189,P
184,D
166,D
180,A
183,D
193,D
187,P
175,M
190,D
184,D
184,M
177,M
178,M
176,M
171,M
183,D
184,A
176,A
189,A
180,A
181,M
170,M
187,A
185,A
173,A
183,D
180,M
172,M
178,A
183,A
180,A
180,D
187,M
178,M
179,M
187,P
179,M
181,M
182,M
182,M
187,A
180,M
190,D
178,D
174,D
190,D
173,A
185,M
173,M
189,M
193,A
184,M
185,D
171,M
192,D
177,M
180,M
174,M
179,M
180,M
172,D
196,A
175,M
185,M
178,M
175,D
186,M
178,A
185,D
188,D
182,D
188,D
183,A
189,D
185,A
193,A
190,D
177,A
193,P
184,M
176,M
181,A
192,D
185,D
174,M
193,A
176,M
185,A
188,A
179,P
187,A
192,D
183,D
188,M
178,A
185,M
178,D
169,A
184,P
193,A
173,A
185,D
177,D
178,M
185,A
186,P
183,A
182,D
183,M
178,M
183,M
165,M
178,M
177,D
182,D
180,M
190,P
179,D
177,M
184,M
183,A
183,D
177,M
179,D
188,P
186,A
187,D
175,D
186,A
182,M
182,D
189,D
184,M
176,M
180,A
172,M
189,D
174,M
185,D
190,D
186,D
177,M
183,M
180,M
178,D
191,P
185,D
178,D
189,P
189,D
190,D
185,A
187,A
185,D
178,A
176,A
176,D
173,M
176,D
188,D
178,D
193,A
181,A
197,P
180,M
186,A
178,D
184,M
187,M
184,M
190,D
185,M
190,P
187,A
180,P
184,M
171,M
196,P
185,D
176,D
186,M
193,P
173,M
178,M
183,M
168,M
186,P
184,D
189,P
177,M
170,M
189,M
188,D
176,D
183,D
178,M
183,A
173,M
180,M
181,A
178,M
179,M
190,A
177,M
187,D
174,A
184,D
179,A
188,D
190,D
190,M
176,A
187,P
173,A
180,M
168,D
170,M
188,D
184,A
180,M
185,D
176,M
179,M
180,M
176,M
185,P
175,M
170,M
170,A
180,A
187,P
172,M
178,D
182,M
180,A
181,M
180,M
180,D
200,D
186,M
178,P
186,A
191,D
176,A
178,M
183,A
184,D
175,D
181,M
165,A
173,M
171,M
180,D
178,M
175,D
185,D
180,D
177,M
190,A
178,M
191,D
185,A
188,D
173,A
183,D
184,P
176,M
177,A
184,D
178,M
183,M
180,M
187,P
182,D
172,M
166,A
185,A
185,A
180,D
197,D
181,D
188,D
181,M
178,D
183,M
176,A
185,A
178,P
190,D
178,D
196,P
188,D
187,A
183,D
172,M
183,A
198,D
186,A
191,A
184,D
189,P
178,A
182,D
182,D
178,A
180,A
169,M
177,A
172,M
175,A
178,M
187,D
187,D
185,D
187,M
173,A
188,P
176,M
170,M
185,A
184,D
173,D
185,M
180,A
187,A
180,D
190,D
180,M
183,D
176,D
167,A
171,M
185,D
175,M
182,A
186,D
178,D
172,M
177,A
175,D
181,M
185,A
189,D
182,D
182,P
182,D
178,M
185,D
183,P
188,A
177,M
178,D
192,D
182,M
195,A
183,M
180,M
177,M
180,M
178,M
178,M
182,A
188,M
182,M
188,P
188,M
178,M
178,M
183,A
175,A
183,A
179,D
178,M
191,P
197,P
180,A
178,M
188,D
187,P
185,M
188,A
187,M
184,D
183,D
171,M
184,D
188,A
185,D
175,D
191,P
185,D
183,M
173,A
180,A
191,D
183,A
186,M
180,D
183,A
193,P
176,A
185,D
188,A
188,D
191,P
185,P
184,P
176,M
188,D
187,D
176,M
193,P
181,D
177,A
183,D
184,P
181,D
185,M
183,M
192,D
185,M
175,M
180,M
183,A
182,D
173,M
196,P
180,D
188,D
185,A
194,P
172,M
175,M
178,M
182,D
193,P
188,D
178,D
178,M
178,D
180,D
189,P
177,A
186,P
185,D
183,A
186,D
176,M
185,D
183,A
175,A
178,M
187,D
190,D
190,D
184,M
187,P
173,M
185,D
173,D
193,P
188,D
183,M
185,D
174,A
183,D
175,A
180,M
186,M
180,M
185,D
178,A
188,P
178,M
186,M
188,D
180,D
183,A
192,A
185,P
188,P
180,D
183,A
185,M
183,P
188,M
180,M
174,A
175,D
178,M
185,A
180,A
188,P
180,M
180,A
185,A
185,D
173,M
180,M
183,D
174,A
186,D
183,A
180,A
188,D
176,M
184,D
180,A
188,D
176,D
188,M
173,M
188,M
180,M
180,M
178,A
186,D
187,D
188,M
176,D
182,D
189,P
187,D
184,M
188,D
180,M
197,P
178,D
174,M
180,A
175,M
170,M
180,M
183,M
185,D
180,D
185,D
179,A
183,P
185,A
193,P
188,M
175,D
190,P
180,P
170,A
175,M
185,A
170,D
187,D
180,D
179,M
165,M
184,D
184,D
183,A
186,M
174,A
170,M
180,M
185,P
172,M
175,D
175,A
175,M
173,A
185,M
173,D
185,D
188,D
188,D
185,D
180,D
173,A
183,D
181,P
174,M
187,M
179,P
194,P
183,D
170,D
170,M
173,A
180,D
187,D
187,D
187,P
185,P
185,M
182,M
170,M
186,P
178,D
187,M
180,M
179,M
178,M
180,D
180,D
171,A
188,D
180,A
186,A
185,P
178,M
188,D
187,D
180,M
175,M
170,M
183,D
179,A
186,M
191,P
172,M
193,P
191,P
186,D
175,M
187,P
182,D
181,M
169,M
188,D
186,M
183,D
183,A
180,D
184,D
183,D
171,A
183,M
183,A
174,D
191,D
193,A
183,D
178,D
167,M
178,M
183,D
173,A
180,D
163,A
188,D
181,A
188,A
188,M
188,A
184,D
191,M
178,M
175,M
193,P
185,P
165,M
175,M
183,D
191,A
183,D
185,D
183,M
185,A
180,A
178,M
180,D
174,D
180,D
180,D
191,P
178,M
185,M
183,D
178,D
178,D
183,D
188,M
183,D
183,D
180,D
168,M
183,D
183,M
191,D
183,A
185,D
182,D
185,A
173,A
188,D
178,D
175,M
188,D
190,P
182,D
174,M
175,A
176,M
188,P
183,D
185,D
180,M
182,A
194,M
175,A
185,M
176,A
180,A
192,A
184,M
183,D
173,M
189,D
190,M
187,D
179,A
171,M
185,D
178,M
189,A
175,M
181,M
196,D
176,A
177,A
184,A
183,D
184,A
187,M
188,D
183,M
183,A
175,M
196,D
188,A
183,M
185,A
192,P
191,D
183,M
185,D
177,M
174,D
176,A
182,M
183,A
181,D
177,M
176,M
187,D
180,P
182,A
168,M
180,M
183,M
173,M
185,D
178,D
172,M
178,A
183,M
180,M
174,D
185,M
183,M
174,D
186,P
183,D
184,D
178,M
184,M
188,D
180,M
162,A
183,D
183,P
170,A
177,M
190,D
175,A
183,A
179,A
175,A
188,P
176,M
180,D
188,M
180,M
190,D
180,A
175,M
191,P
196,D
185,M
175,A
167,M
186,P
167,M
185,A
186,P
186,A
168,D
165,A
179,M
170,M
189,D
175,M
184,D
169,M
186,D
182,A
175,M
186,A
172,D
181,D
177,M
186,P
176,D
193,D
175,M
189,M
180,A
170,M
184,D
169,A
178,A
173,D
186,P
192,P
173,D
184,A
185,M
188,D
180,D
175,M
190,P
175,D
181,M
166,M
191,D
174,M
180,P
185,D
193,A
180,M
183,P
176,M
180,M
178,M
193,A
185,M
175,M
185,P
190,M
185,D
188,D
185,D
188,D
182,D
176,M
193,D
180,M
182,D
183,A
184,P
185,M
187,D
185,D
172,A
188,P
180,D
174,M
176,A
181,M
180,D
179,M
171,D
184,P
187,M
193,P
193,A
187,D
183,D
180,A
184,D
202,A
182,M
176,M
175,M
176,D
180,D
180,D
185,M
177,D
185,D
167,M
178,D
184,D
183,M
181,M
190,P
184,M
180,P
180,M
183,M
178,D
176,D
187,P
171,D
185,M
189,D
193,D
184,A
174,M
187,P
192,D
180,M
178,D
175,D
188,D
175,M
177,M
188,M
185,D
180,A
192,A
182,A
178,A
185,P
173,D
180,P
178,A
170,A
193,D
178,M
176,M
181,A
178,A
180,D
178,M
178,M
188,P
178,M
183,D
188,D
175,M
180,D
188,P
189,D
195,P
176,M
178,D
173,D
182,P
187,D
183,A
176,M
187,D
191,P
180,D
185,A
189,A
180,A
186,D
182,P
188,D
191,D
195,P
186,P
191,A
186,A
177,M
179,D
185,D
179,D
192,P
180,A
186,M
171,M
178,M
178,A
181,A
175,M
182,D
185,D
190,D
183,D
193,M
182,D
178,A
179,A
172,D
185,D
176,D
183,D
175,M
185,M
184,M
176,D
180,D
186,M
185,A
172,M
186,D
173,D
184,A
191,P
196,D
188,D
188,P
182,M
186,D
184,M
176,A
185,A
178,A
184,A
181,P
180,A
180,D
174,D
183,M
182,M
173,A
175,A
178,A
185,D
175,M
190,A
180,A
188,A
178,D
182,P
175,D
170,M
181,D
186,M
170,M
169,M
177,A
180,A
183,A
178,D
177,A
172,A
175,D
189,A
180,A
182,M
179,D
178,M
188,A
197,A
168,M
180,A
187,M
173,M
180,D
178,D
175,M
183,D
198,P
191,D
191,A
169,D
179,M
173,D
178,A
174,A
182,D
176,M
186,A
178,D
175,M
174,D
180,D
185,M
185,D
177,A
183,D
187,M
185,D
183,M
185,P
178,A
188,D
189,P
191,A
178,D
178,A
185,A
193,D
178,M
180,M
175,M
178,D
183,M
172,A
188,D
183,M
183,D
185,D
173,M
191,D
183,M
174,D
180,D
178,M
185,D
185,M
184,D
184,M
198,P
178,D
175,M
180,M
180,M
175,M
178,M
183,D
186,M
185,P
180,M
178,M
179,D
183,M
194,D
171,M
183,D
181,D
192,P
191,A
176,D
178,A
183,A
172,M
174,D
185,M
176,M
188,P
193,D
175,D
185,P
180,A
193,P
191,D
173,A
175,A
175,A
181,D
184,P
176,A
175,M
185,A
173,A
193,P
180,M
180,A
185,D
185,P
191,D
180,M
178,A
178,M
183,A
174,A
180,M
185,D
175,M
196,P
188,D
186,D
180,M
176,A
188,D
175,M
185,D
185,M
178,M
191,D
185,D
178,A
178,A
183,M
175,D
175,A
185,M
186,D
181,A
185,D
191,D
186,M
176,D
178,M
183,M
171,A
172,M
190,A
183,D
184,M
175,D
185,A
182,D
188,D
183,A
187,A
188,P
181,D
178,M
174,A
172,A
178,A
173,M
185,D
187,D
188,P
174,M
179,A
185,D
185,P
175,M
183,D
178,A
161,M
172,M
179,A
187,D
177,M
184,D
185,A
168,M
180,M
178,D
185,D
179,M
172,M
185,P
190,D
184,A
174,M
185,A
193,D
185,M
175,M
176,M
173,M
175,M
181,D
178,M
185,D
183,A
170,A
187,D
182,D
182,A
185,P
184,D
189,M
188,P
178,M
196,P
186,D
183,D
179,A
169,A
181,D
186,D
187,A
158,M
188,D
180,M
174,M
178,M
185,D
178,M
191,D
180,A
180,M
173,M
173,A
173,A
175,M
173,M
173,D
171,D
169,D
177,D
178,D
190,A
181,M
182,M
180,M
180,D
190,P
189,P
181,A
177,D
183,M
191,M
181,M
180,M
185,M
170,A
185,D
178,M
187,D
179,D
172,A
185,D
183,D
170,M
187,D
175,A
193,D
192,D
184,D
188,A
183,M
183,M
178,D
178,A
173,A
186,D
169,A
188,A
191,D
198,D
190,D
178,M
183,M
178,M
183,D
179,A
183,A
187,A
181,M
178,M
181,D
180,P
178,M
174,A
167,A
180,D
170,D
183,D
177,A
178,A
187,A
176,M
186,D
177,A
191,P
178,A
175,M
169,A
188,D
168,A
180,D
179,D
182,M
180,A
181,M
171,M
178,M
176,M
186,M
178,A
180,M
178,A
191,A
186,D
183,P
179,M
201,P
188,D
178,A
176,M
190,P
177,D
181,M
180,D
188,M
188,A
186,A
188,D
189,D
184,M
188,D
177,M
176,M
182,D
188,M
178,P
170,A
185,D
190,D
190,D
187,A
183,D
176,M
176,D
181,D
185,A
173,M
184,D
176,A
180,D
177,M
184,D
179,A
182,P
183,D
181,D
185,A
190,P
181,M
172,M
196,P
184,A
190,D
178,M
183,M
183,A
190,D
185,M
180,A
183,M
181,D
188,M
185,M
180,A
170,M
188,D
186,D
178,M
180,D
175,A
182,D
176,D
189,D
183,D
174,M
182,M
192,D
188,M
180,A
189,M
193,D
188,M
188,D
185,A
173,A
188,P
183,M
187,D
180,D
188,M
179,D
173,M
183,A
178,A
173,D
190,P
170,A
181,D
186,D
180,A
178,M
178,M
183,M
180,A
175,M
183,M
180,M
181,M
181,M
180,A
187,D
185,D
188,D
184,D
183,D
179,M
177,D
184,D
180,M
184,D
188,M
170,D
178,D
175,M
188,D
175,M
183,M
175,M
192,P
186,D
185,P
192,P
193,P
182,D
175,M
165,A
188,D
182,A
165,D
172,M
172,M
185,A
178,M
183,M
180,D
187,D
183,A
193,P
191,P
182,M
191,D
181,M
180,P
176,M
187,D
167,D
178,D
186,D
185,D
188,P
182,M
178,D
175,M
170,A
170,D
178,M
184,A
168,M
183,P
187,M
183,M
188,D
175,D
180,D
175,M
183,M
184,D
180,M
188,P
180,M
188,D
183,P
178,A
193,M
180,A
186,D
192,D
180,D
180,A
175,A
194,P
170,A
173,M
178,M
183,D
185,M
191,M
176,D
180,A
185,P
185,A
193,D
187,P
177,M
176,A
180,M
184,P
178,D
184,P
176,M
172,A
178,M
175,M
170,A
175,D
187,M
171,D
175,D
181,D
180,D
178,M
178,M
171,M
185,A
180,A
188,M
170,D
184,A
180,M
175,A
183,M
178,M
181,A
172,M
181,A
174,A
173,A
182,M
175,M
196,P
187,D
185,D
178,D
173,D
185,D
178,M
188,P
192,A
179,D
177,D
177,D
185,M
186,P
188,M
186,D
182,P
169,A
176,D
188,D
189,M
175,M
186,M
173,M
174,M
176,M
180,A
179,D
178,M
188,A
172,A
175,M
190,M
185,A
188,A
186,M
183,A
180,D
190,A
185,D
185,D
175,M
184,M
175,M
178,D
188,D
178,M
195,P
192,A
184,A
184,M
181,A
185,D
177,A
178,D
188,D
173,A
180,M
183,A
183,A
183,M
178,M
188,D
180,M
185,A
186,A
175,D
183,D
192,D
190,A
188,D
179,M
185,A
190,D
171,D
182,D
175,M
180,M
185,D
180,D
180,D
185,P
177,M
168,M
168,A
190,A
175,A
188,D
182,M
178,M
183,P
183,P
173,D
187,D
182,A
173,D
186,D
185,M
188,D
178,A
178,D
176,A
180,M
181,M
185,D
166,M
189,P
182,A
179,M
184,D
173,M
174,M
178,M
185,P
182,D
169,A
183,D
192,A
180,D
179,M
180,D
183,D
181,A
168,A
185,M
182,D
188,M
172,M
183,P
191,M
180,D
176,M
173,D
181,M
183,P
181,A
179,M
194,D
172,A
174,D
173,M
183,D
181,M
185,A
181,M
168,M
181,M
180,D
193,P
188,P
172,D
187,P
180,D
191,D
175,A
182,D
172,A
186,M
186,D
184,A
174,M
189,A
172,A
185,P
185,M
181,A
185,P
173,M
185,M
190,A
191,M
180,A
179,P
193,A
169,M
185,A
188,M
180,D
178,A
170,M
183,P
172,M
174,M
175,A
187,P
178,A
189,D
194,M
170,M
188,A
179,M
194,D
187,D
183,A
183,D
191,D
170,A
183,P
173,M
175,M
185,P
178,M
180,M
189,A
168,A
172,D
184,A
192,M
174,A
184,M
177,M
176,M
179,M
187,M
182,A
188,M
184,M
189,A
168,D
183,M
178,M
180,D
180,A
176,D
174,M
189,P
179,D
183,M
186,A
183,D
173,M
175,D
183,A
173,M
187,D
171,A
178,M
190,D
183,M
175,D
191,A
180,A
178,A
190,M
167,A
171,D
181,M
184,M
173,D
185,M
182,A
185,D
175,M
173,A
184,A
166,D
181,D
192,D
174,M
178,D
178,M
189,M
184,A
193,M
183,M
186,M
191,A
180,A
183,M
180,M
189,P
184,M
185,M
172,M
183,M
180,P
185,D
176,D
170,M
188,A
187,D
184,P
184,D
183,A
185,P
190,D
182,A
186,D
190,M
180,M
182,A
180,M
183,A
185,M
191,D
189,A
178,M
188,D
180,M
183,A
173,M
174,D
173,M
169,D
178,D
173,M
185,D
180,D
186,D
190,A
194,D
178,M
193,A
179,A
185,M
178,A
184,M
188,A
175,M
166,D
179,A
178,D
175,A
190,M
183,M
174,M
172,M
172,A
187,M
172,D
180,M
182,D
193,A
199,P
192,D
192,P
167,M
184,D
185,A
190,D
184,P
183,P
189,M
183,M
183,A
182,P
168,M
173,D
184,M
168,A
183,A
183,D
179,D
187,A
180,D
189,D
185,M
178,M
176,D
179,M
182,A
178,M
188,D
187,P
182,A
183,M
191,P
179,A
190,D
169,M
186,A
172,M
186,M
186,D
185,A
192,A
186,D
193,D
174,M
184,M
187,D
180,M
180,M
182,A
172,M
176,A
183,D
185,M
179,A
176,M
182,M
187,D
184,M
188,A
184,A
181,M
190,P
185,M
180,M
182,D
183,M
184,D
190,D
186,M
176,M
182,D
182,M
170,M
186,M
168,A
178,M
183,A
198,A
189,D
182,M
192,P
165,A
179,M
190,P
178,A
170,A
177,A
171,A
186,A
183,A
185,D
186,M
185,D
187,D
183,M
190,P
184,D
181,A
182,M
185,D
183,M
184,A
182,M
188,D
185,D
184,A
192,A
191,A
183,D
173,M
163,M
183,M
170,M
180,M
186,P
189,M
176,A
183,A
174,D
183,D
178,D
175,M
175,A
183,M
175,D
178,A
184,D
192,D
183,A
170,M
186,P
178,M
186,P
180,D
178,A
190,P
180,A
180,A
191,D
176,M
180,D
170,A
181,P
180,M
189,M
188,D
180,D
196,D
202,P
195,P
180,A
187,D
190,D
178,M
178,A
191,D
186,D
175,D
180,M
184,D
185,P
186,M
174,M
172,M
176,M
191,P
178,D
183,P
178,M
184,A
168,A
192,A
177,M
177,M
184,M
175,M
180,A
179,A
182,A
184,P
173,D
180,D
180,D
178,M
174,M
186,D
184,P
188,D
181,A
173,A
183,M
175,M
192,D
183,M
183,M
183,M
183,A
196,D
172,A
191,D
192,D
170,M
178,D
187,M
188,M
185,D
176,A
184,D
189,P
180,A
194,P
177,M
168,M
184,D
174,A
188,P
180,A
184,A
184,M
188,M
180,M
185,P
180,A
177,M
170,M
194,P
202,A
176,A
180,D
170,A
175,A
170,M
175,A
188,D
174,A
173,A
186,M
178,A
185,A
180,M
180,M
174,A
186,P
183,M
183,M
177,D
183,M
183,M
180,M
180,A
172,M
189,D
180,M
178,M
180,A
180,M
183,M
187,D
182,M
188,P
193,P
183,M
179,M
178,A
180,M
179,D
182,D
183,D
178,M
176,M
170,M
188,A
178,M
185,D
180,M
188,A
185,A
192,A
183,D
193,P
181,M
175,M
185,M
178,A
194,P
187,D
178,M
188,A
170,D
170,M
180,M
184,A
185,P
175,A
180,D
186,A
189,M
195,D
188,A
168,M
183,A
193,D
183,A
185,D
188,A
183,D
186,A
186,D
174,A
175,D
180,M
184,A
175,M
175,M
175,A
184,D
170,M
180,D
176,M
187,D
193,P
184,A
183,M
189,D
191,A
178,A
185,P
180,A
180,A
191,A
183,D
178,M
193,D
178,A
184,D
179,A
173,M
188,D
180,M
178,M
187,D
179,M
187,A
178,M
183,D
175,A
187,D
171,A
188,M
171,M
183,M
187,A
188,A
176,M
169,A
174,M
191,D
177,A
168,A
184,M
183,M
191,D
191,D
179,D
170,M
177,A
191,A
180,M
186,D
196,D
171,A
178,D
185,D
186,A
180,D
181,D
187,D
179,A
175,D
172,M
188,D
191,P
197,P
193,D
165,M
186,D
195,D
186,P
181,D
186,D
185,P
182,D
175,M
180,D
174,M
180,M
180,A
185,P
185,A
173,M
178,A
174,M
193,A
181,A
172,M
193,D
187,D
186,A
168,D
178,M
183,A
178,M
169,M
182,M
176,M
174,D
179,M
181,A
179,A
183,D
188,D
185,P
193,D
185,M
181,M
185,D
183,M
183,D
175,D
181,M
172,D
181,M
178,M
172,M
184,D
188,M
186,M
175,A
178,M
160,M
184,D
174,A
178,A
191,A
176,M
188,D
171,M
177,M
181,M
189,D
175,A
181,D
183,M
174,M
186,D
187,P
181,D
188,D
187,M
186,D
173,M
177,M
187,D
179,A
188,M
170,D
178,M
185,D
175,D
191,A
185,A
183,P
173,M
175,A
182,A
184,D
185,A
180,M
183,D
188,P
171,A
176,M
180,M
186,D
178,D
188,A
186,A
186,D
193,D
185,A
181,D
178,D
183,D
177,D
183,A
183,M
176,M
180,M
183,D
185,P
172,M
186,A
177,M
188,P
168,M
190,P
188,D
176,A
195,D
178,A
181,M
179,A
187,D
180,D
179,M
182,M
184,D
187,P
180,M
170,M
195,D
181,D
178,D
190,D
169,M
173,M
181,D
191,P
193,D
187,A
183,M
191,P
188,D
175,D
192,P
181,A
183,M
180,A
185,D
182,D
185,D
188,M
184,P
182,M
191,D
183,A
190,D
194,M
177,A
182,A
184,M
181,M
175,D
180,M
178,M
184,M
175,M
180,M
181,D
170,A
183,M
189,D
176,A
183,M
174,D
186,D
194,P
184,D
181,D
187,A
181,D
180,A
181,P
184,D
191,A
180,A
175,M
185,A
168,M
176,M
180,M
173,D
176,A
179,M
182,M
173,A
181,M
188,M
186,M
174,D
183,M
175,M
183,M
173,A
181,A
189,P
188,A
190,A
174,D
174,A
186,P
180,D
180,A
188,D
175,M
185,D
190,P
183,A
183,M
173,D
180,A
188,D
183,M
193,M
178,M
177,M
187,A
179,M
184,D
187,P
180,M
182,M
191,D
180,A
176,M
175,A
170,A
190,D
184,A
188,D
184,D
187,D
175,M
185,D
173,A
183,A
187,P
194,P
180,D
183,D
175,M
186,D
184,M
180,D
183,M
181,M
173,D
183,M
190,D
190,D
182,M
188,D
173,D
183,A
190,D
173,A
183,M
180,M
184,P
188,A
188,A
187,M
183,D
184,P
188,D
192,D
178,A
190,D
172,M
180,M
176,M
186,D
174,M
190,M
183,A
186,D
184,D
182,A
180,D
173,M
182,A
184,A
178,A
188,M
182,A
178,M
184,M
193,P
186,P
186,D
191,D
180,M
188,A
182,D
191,D
189,P
184,M
193,P
177,D
177,D
183,A
186,M
173,M
185,D
171,M
168,M
184,M
170,M
175,D
180,A
173,M
170,M
188,P
185,M
190,D
179,A
193,D
178,D
182,D
180,D
190,D
189,A
183,M
181,M
186,D
188,A
189,P
188,D
187,M
193,D
191,D
186,D
168,D
183,M
182,M
192,D
193,P
188,M
191,D
180,M
188,M
186,A
176,A
184,M
182,M
192,P
184,A
180,D
175,M
184,M
173,M
177,A
182,M
187,A
192,A
185,D
170,M
180,D
171,D
174,M
183,D
186,D
188,D
182,M
190,P
186,D
180,D
190,P
175,A
185,A
181,D
172,A
189,D
165,M
173,D
170,A
189,D
183,D
180,A
174,A
173,M
170,A
182,M
181,M
160,M
176,A
178,A
163,M
179,A
174,A
191,D
176,M
171,M
180,D
173,A
190,A
193,M
186,M
183,M
181,D
178,A
167,M
179,D
178,A
180,D
183,D
182,A
171,D
188,A
175,D
182,A
180,M
183,D
191,D
183,D
188,P
172,M
176,M
180,M
194,A
196,M
170,M
186,D
175,M
186,D
180,D
192,A
169,D
179,M
183,M
175,M
183,M
173,M
190,P
191,P
180,A
174,A
185,P
184,P
186,D
173,D
188,D
192,A
176,A
181,M
197,P
169,A
174,M
171,A
178,M
175,A
174,M
188,A
181,A
180,M
175,A
193,D
186,M
184,M
175,M
180,M
171,A
188,P
180,D
178,M
171,M
192,D
194,A
180,A
183,A
175,M
180,D
183,D
185,D
176,M
185,M
170,M
185,D
186,M
183,A
190,D
178,M
183,M
179,M
174,M
179,M
182,D
183,A
183,P
187,M
181,M
164,M
178,D
190,A
183,D
191,P
172,M
188,D
190,A
183,D
180,D
186,A
186,A
183,D
178,M
170,M
179,D
175,D
193,M
183,D
183,A
175,M
186,M
178,A
182,M
183,D
184,D
170,M
183,D
182,D
193,M
188,A
184,P
187,A
182,A
178,D
178,M
183,A
183,A
183,A
188,D
194,P
182,M
174,A
185,A
175,M
185,A
193,P
182,D
187,A
180,M
175,M
182,A
187,D
168,A
173,D
178,A
191,A
168,M
180,M
172,A
178,A
178,M
178,D
176,D
183,D
190,D
187,P
183,A
185,P
193,A
178,D
188,D
170,D
185,A
187,D
175,A
175,M
184,M
176,M
183,M
185,M
187,A
174,M
175,D
190,D
173,D
187,A
186,D
178,M
189,P
178,M
182,D
178,D
182,M
191,D
197,P
176,M
168,A
180,M
173,M
183,D
177,D
184,M
180,A
186,D
191,A
180,M
194,P
182,M
180,D
182,A
177,D
178,A
187,D
184,M
190,P
185,D
175,M
175,A
178,A
184,A
188,A
184,D
180,A
187,D
186,D
193,D
186,D
195,P
184,D
191,P
183,D
168,D
178,A
184,A
170,A
187,P
180,D
187,M
190,P
173,M
181,M
185,P
183,D
188,A
189,A
181,D
184,M
178,M
187,M
187,A
184,D
173,M
186,D
168,M
184,A
181,D
175,M
185,D
175,A
208,P
191,D
176,M
178,D
192,P
174,D
181,M
192,P
176,M
193,D
185,A
182,A
179,D
185,A
178,D
183,A
180,D
188,A
180,D
183,M
184,M
191,D
171,M
183,A
178,D
178,M
177,D
183,D
178,M
174,A
175,A
178,M
185,A
175,M
172,M
185,A
185,P
188,P
180,M
195,P
180,D
194,D
180,A
170,M
183,D
188,P
175,D
194,P
180,D
173,A
175,M
179,A
184,P
183,D
185,P
187,A
182,M
189,M
190,M
174,D
170,M
179,M
174,M
191,P
179,D
173,D
172,M
188,M
188,D
198,D
172,A
175,M
185,M
185,M
173,A
183,P
188,D
194,A
183,M
176,M
193,P
175,A
187,A
182,M
185,A
176,M
178,M
191,M
185,M
178,M
185,M
191,P
185,M
181,M
178,D
180,M
182,M
183,D
177,D
185,P
175,M
175,D
185,P
185,D
183,M
191,M
184,A
187,D
180,M
175,M
180,D
179,D
167,D
180,M
180,M
182,M
188,A
179,D
178,A
192,P
185,M
178,A
183,M
180,D
182,M
178,M
188,D
179,M
185,M
186,M
186,M
174,D
179,M
180,D
179,M
170,A
186,P
186,A
189,A
191,D
182,D
196,D
185,A
175,M
178,D
188,D
180,M
170,M
188,M
191,M
179,M
175,D
185,D
196,P
181,P
189,D
185,M
186,D
178,A
185,D
185,D
183,M
193,D
185,M
178,M
177,A
174,A
188,D
193,D
183,D
183,M
180,D
186,D
180,A
185,D
183,M
168,A
187,A
191,D
172,D
178,A
185,A
185,D
193,P
175,M
191,M
165,A
179,A
169,M
166,A
180,A
178,M
188,P
173,M
179,D
192,A
178,A
170,A
176,M
180,M
180,M
191,D
185,M
186,A
180,M
172,A
170,A
185,M
187,D
184,A
190,P
180,M
180,D
183,A
174,D
177,D
174,M
171,M
186,A
183,D
178,M
185,D
185,A
180,M
182,M
183,M
184,A
187,M
169,M
180,M
175,M
178,A
178,A
170,M
193,A
183,A
176,D
185,D
188,P
182,A
177,M
183,A
191,D
185,A
183,M
189,P
177,D
183,M
194,M
176,D
171,M
179,D
186,D
188,A
165,M
181,A
186,P
180,A
183,A
185,D
184,M
185,D
180,A
174,D
173,M
194,D
182,M
176,A
185,P
177,M
176,M
183,M
187,M
183,A
184,M
183,M
190,D
190,M
181,M
182,D
181,M
171,M
183,A
177,M
178,M
180,M
180,M
172,D
176,M
178,M
179,D
194,A
191,A
175,D
188,D
186,M
183,M
184,M
186,M
188,P
193,P
173,A
181,M
180,M
178,A
173,M
183,M
168,M
182,D
190,M
188,D
180,M
177,M
182,A
180,M
195,P
196,A
176,A
182,A
196,P
174,M
173,A
182,M
176,D
175,M
186,M
180,A
173,M
180,M
190,M
176,M
182,M
182,M
180,M
162,M
174,M
192,P
180,D
183,M
170,M
185,D
180,P
187,P
181,D
188,M
172,A
172,A
179,M
182,A
180,M
181,M
175,M
169,A
199,P
180,M
173,M
181,A
192,D
177,M
178,M
173,M
185,D
179,M
196,A
176,M
185,D
187,M
184,A
179,A
183,A
188,D
192,D
188,D
190,D
185,A
180,D
180,M
187,D
182,M
194,D
177,A
180,M
183,D
168,A
186,D
173,A
197,P
182,A
179,D
183,M
194,A
176,M
181,D
165,M
186,D
180,M
186,M
178,D
187,A
171,M
180,A
178,D
177,M
183,D
179,D
192,A
189,P
180,A
190,A
180,M
168,M
183,M
185,M
186,A
183,M
178,A
185,A
185,D
180,M
183,P
182,M
185,D
183,A
178,M
184,A
183,M
181,P
168,A
185,M
190,D
165,M
188,D
185,A
177,A
192,D
181,M
182,A
185,M
190,M
180,A
185,M
180,A
185,M
182,M
185,A
188,D
182,D
183,D
191,P
175,D
172,A
183,D
193,D
178,M
183,D
186,A
186,D
176,D
187,D
181,M
179,M
183,A
179,D
179,M
186,D
178,A
183,D
184,M
176,M
181,D
185,D
178,M
178,M
180,D
188,P
190,D
182,D
197,D
172,M
189,D
178,A
186,D
192,A
186,D
180,M
184,M
185,P
186,A
186,A
178,M
190,D
202,P
183,D
174,M
166,D
176,M
178,A
186,P
189,P
180,M
176,M
168,A
175,M
174,M
196,A
185,M
190,P
182,D
188,D
178,M
173,M
190,D
178,M
180,A
180,M
188,P
174,D
180,D
188,D
192,A
180,A
188,P
176,D
193,P
180,D
183,D
187,P
184,D
170,A
190,A
173,M
183,D
175,A
187,D
182,D
185,M
178,D
188,A
170,A
183,M
177,M
190,A
173,D
179,M
169,M
183,A
191,D
180,M
183,M
195,A
178,A
182,M
185,M
174,A
173,D
183,M
193,M
189,D
171,M
189,D
187,P
186,A
179,M
180,A
181,A
174,D
183,A
188,M
178,M
177,M
183,D
190,D
180,D
180,M
175,D
178,A
183,M
193,P
170,M
171,A
192,P
196,M
179,M
172,M
180,A
170,M
186,P
188,D
176,A
184,D
192,D
181,D
191,D
183,D
189,M
188,M
180,M
186,P
177,A
186,D
172,A
183,M
185,A
178,A
173,M
187,A
180,D
177,M
173,M
172,A
185,M
177,A
172,D
175,M
187,D
172,A
188,D
174,M
177,M
173,M
176,A
189,D
167,A
175,D
169,A
174,M
178,M
172,M
176,A
189,M
180,M
182,A
177,D
170,M
173,D
187,D
178,M
181,M
187,D
190,M
186,A
187,D
187,M
169,A
185,M
196,P
188,D
180,M
186,A
195,P
181,M
186,A
180,A
170,D
183,M
180,A
193,D
181,A
189,P
189,D
184,D
184,A
179,M
176,A
172,D
172,D
180,D
177,A
176,M
178,D
190,P
183,A
183,A
177,M
188,D
190,D
186,P
196,D
186,M
187,M
192,D
186,M
180,A
179,A
175,M
186,M
176,A
185,D
185,M
185,M
181,M
184,D
180,M
195,D
183,M
179,M
186,A
188,A
188,D
183,A
188,A
183,A
175,M
180,M
175,A
181,M
181,M
193,P
175,M
185,D
175,D
180,M
177,A
178,M
172,M
179,M
174,A
180,A
176,A
170,A
192,D
176,D
177,A
185,D
180,D
189,M
188,D
188,P
183,P
179,M
189,D
187,D
179,A
181,D
180,M
183,P
201,A
178,M
180,M
184,A
175,M
176,A
198,A
190,D
179,A
181,D
177,A
178,D
185,D
187,D
185,D
180,D
171,M
188,P
177,M
176,A
184,M
185,M
191,M
192,D
175,M
185,M
172,A
183,M
172,D
173,D
182,D
180,M
189,D
185,M
183,M
185,D
192,P
188,P
183,D
184,M
173,M
177,M
176,D
174,M
178,M
183,D
192,P
174,A
191,P
173,D
173,M
180,A
174,M
174,M
176,M
188,A
188,A
188,A
173,M
185,M
180,A
191,D
193,A
185,A
186,D
182,M
177,D
178,D
178,M
178,A
181,D
188,A
175,D
177,M
186,A
180,A
178,M
170,A
186,A
191,M
174,D
177,M
183,A
182,M
183,M
185,M
180,A
185,D
175,A
172,A
184,A
177,D
187,D
181,M
167,M
182,M
182,D
190,D
187,M
185,A
183,M
178,M
187,A
178,M
188,D
196,D
175,A
183,M
175,A
175,M
173,D
180,D
180,M
185,M
191,P
179,D
176,M
182,D
180,M
175,D
180,D
180,D
180,A
181,A
179,M
182,M
178,M
183,A
173,D
180,A
180,D
180,M
190,D
185,M
197,A
174,A
187,D
171,M
186,A
183,A
183,D
176,A
183,P
186,D
180,M
177,M
173,M
185,A
177,M
175,A
180,A
193,P
179,M
178,D
180,A
177,A
183,A
193,P
192,P
180,M
175,M
195,D
184,D
180,M
181,M
183,D
189,P
176,M
190,P
187,M
180,M
188,A
185,M
183,A
178,M
180,D
188,M
179,M
188,D
181,A
198,P
191,D
193,P
180,M
180,D
173,A
186,M
193,D
173,D
180,D
170,A
188,D
180,M
177,M
186,M
176,A
178,M
175,A
190,M
188,D
180,M
173,A
188,A
179,D
185,M
187,M
173,M
180,M
171,A
173,D
176,M
174,A
183,D
178,D
179,A
186,D
184,M
175,M
184,D
174,M
188,A
185,M
184,M
186,A
191,A
185,M
178,A
182,P
186,M
185,P
185,A
178,A
193,A
183,M
182,A
185,P
185,M
196,A
180,D
178,M
191,D
187,M
177,D
170,A
190,A
181,D
188,M
194,M
180,D
175,D
181,D
188,D
178,M
192,M
178,A
185,D
190,P
183,M
172,M
181,A
192,P
190,D
182,A
185,M
188,D
181,D
185,P
168,A
180,D
176,D
180,M
174,M
178,A
179,D
187,P
183,D
180,M
184,M
173,M
183,A
177,M
172,M
171,A
186,D
190,P
187,P
191,D
187,D
189,M
177,D
182,M
187,D
178,M
184,P
173,A
188,A
184,D
175,A
170,M
186,D
184,D
189,D
195,P
182,D
175,A
175,A
186,D
174,D
178,D
174,M
196,A
192,D
176,M
182,A
182,M
194,P
175,A
175,M
182,A
184,D
177,D
178,M
177,D
182,D
175,A
185,M
170,M
185,D
173,D
188,D
185,D
173,M
179,M
177,A
183,A
178,D
182,D
185,M
197,P
191,A
173,A
171,A
183,M
181,D
180,M
181,D
178,M
189,M
180,M
172,D
184,D
188,A
173,D
183,M
174,M
190,D
187,M
182,M
178,A
174,A
165,A
187,P
176,M
176,D
183,D
188,M
175,M
183,D
182,M
186,D
180,D
183,M
192,D
185,A
168,M
184,D
174,M
176,A
184,A
186,P
193,D
185,M
180,M
174,A
191,A
190,A
189,P
190,A
183,M
177,M
183,M
183,A
186,D
180,M
185,D
185,A
170,A
176,A
186,M
175,A
191,A
173,M
173,P
176,A
185,A
176,A
175,M
183,D
175,M
189,D
184,D
181,D
183,A
175,M
184,A
190,P
179,M
178,D
192,D
184,D
173,M
180,A
188,P
188,M
190,D
179,M
177,M
190,M
182,M
203,P
190,D
183,M
180,A
189,D
194,D
180,D
184,A
185,P
180,M
187,D
194,M
173,M
187,A
173,A
180,M
185,M
190,D
179,D
178,D
194,P
186,P
180,M
186,A
176,D
195,A
182,D
170,D
163,M
175,P
178,D
176,M
181,A
178,M
178,A
180,M
185,D
179,D
192,M
190,A
177,D
185,M
175,D
178,D
176,M
175,M
172,D
187,M
190,A
167,A
193,D
183,M
173,A
183,M
175,M
196,P
180,M
172,M
187,M
182,D
180,P
175,D
171,A
190,M
180,M
184,P
177,M
191,A
186,A
183,D
185,D
181,D
192,P
176,M
166,M
187,A
180,M
174,M
181,M
194,D
176,M
184,A
187,M
183,D
183,D
184,A
180,M
191,P
178,D
172,D
174,M
185,D
178,A
185,P
172,D
181,A
183,M
170,A
175,D
189,D
191,P
180,A
176,D
177,M
184,M
173,A
178,M
175,M
194,D
196,P
184,M
180,M
181,D
188,P
180,M
187,P
175,A
176,D
179,M
189,M
177,A
181,A
177,M
179,A
193,M
196,P
187,D
183,D
179,M
183,M
182,M
173,M
188,A
188,D
175,A
191,P
185,D
186,D
187,D
174,M
188,P
184,D
182,P
193,P
175,A
191,D
185,P
183,P
185,A
192,P
177,M
181,A
182,M
189,M
184,M
183,M
169,M
173,D
197,P
182,M
178,D
181,D
185,A
185,A
173,D
175,D
181,P
178,M
179,A
170,M
180,M
182,D
169,M
185,D
185,D
173,A
174,M
186,M
178,M
190,D
178,A
194,D
180,P
180,M
189,D
172,M
171,A
173,A
186,D
178,A
178,M
190,A
175,D
178,M
179,A
185,M
191,P
172,D
179,A
178,A
172,M
184,A
183,D
178,A
178,A
178,M
186,D
178,M
185,D
188,D
186,M
187,P
188,A
181,A
193,D
184,D
187,D
181,M
181,M
174,M
175,A
178,M
178,D
193,A
173,M
188,D
176,M
178,M
173,A
178,D
185,P
178,M
178,A
175,D
180,M
169,A
192,D
181,M
176,M
193,D
185,M
176,D
185,A
176,M
180,A
179,M
187,P
184,A
178,M
170,M
175,D
178,M
178,M
185,D
180,D
175,A
185,M
176,M
175,M
179,M
177,A
175,M
180,M
185,D
191,A
181,D
171,A
188,M
188,A
196,D
187,P
185,A
192,D
169,M
190,P
196,D
179,D
182,D
180,A
192,D
186,M
180,M
191,A
179,M
169,A
167,M
183,M
175,D
180,A
193,A
191,D
187,D
190,M
180,D
191,P
188,A
181,D
177,A
173,D
170,M
184,D
185,D
175,D
194,P
180,D
174,D
180,A
190,P
191,D
170,D
182,D
185,A
174,A
191,P
181,D
180,D
188,D
183,A
183,A
183,M
167,M
191,D
170,D
191,D
191,P
180,A
181,D
165,M
176,D
191,A
191,D
170,M
190,D
185,A
183,D
186,M
176,A
181,A
188,D
170,A
178,M
178,M
188,A
188,D
183,A
175,A
175,M
187,D
191,P
173,M
184,A
183,M
191,D
194,D
184,D
176,A
180,D
175,M
181,D
182,A
178,M
170,D
183,D
177,D
191,D
191,M
176,A
177,M
178,M
181,P
183,D
173,M
188,P
173,A
180,A
191,D
175,M
185,M
175,A
188,D
193,M
176,M
186,M
178,A
185,A
183,M
194,A
183,A
184,D
188,A
188,A
180,D
188,M
182,M
188,D
185,D
168,M
176,M
196,P
178,M
185,D
185,D
172,M
183,P
188,A
181,D
184,D
188,A
183,A
171,D
184,A
183,M
193,P
188,A
168,D
183,M
181,M
178,M
182,P
178,A
180,M
188,A
191,A
168,A
185,A
190,M
175,A
181,A
182,M
180,D
177,M
181,M
163,A
183,D
182,D
180,A
178,A
178,M
178,M
171,M
182,M
180,D
193,D
180,A
178,M
177,D
175,A
183,D
193,D
188,D
180,A
185,M
190,M
193,M
190,D
166,M
182,M
178,M
167,M
176,M
173,M
175,A
185,A
177,A
178,D
186,P
173,M
180,M
183,M
191,A
187,A
183,M
180,M
183,M
181,A
177,M
177,M
190,P
180,M
185,D
186,A
187,M
196,D
189,P
173,M
185,P
183,M
175,M
188,A
193,M
180,D
185,A
170,M
178,M
182,A
188,M
175,M
172,A
183,M
175,M
181,A
178,D
182,M
183,M
175,D
187,D
170,M
188,D
178,A
182,D
188,A
167,A
188,D
185,A
187,M
184,A
183,M
180,P
191,A
183,M
175,M
182,A
191,D
178,D
172,A
185,A
180,A
190,A
191,A
180,D
175,M
173,D
178,M
185,M
188,P
179,D
177,D
185,A
193,P
180,M
183,D
185,D
188,M
190,D
187,D
179,M
189,D
178,M
182,M
189,M
184,M
186,M
178,M
192,M
184,D
175,M
187,M
185,A
180,M
177,D
185,D
183,D
185,D
175,M
187,A
188,D
184,D
183,D
179,A
182,D
193,A
189,A
183,D
180,D
194,D
187,A
165,D
177,M
180,M
190,D
174,M
178,A
178,D
185,M
185,D
194,A
185,D
191,A
193,D
173,A
185,M
180,P
178,D
185,P
188,M
186,D
180,M
180,A
180,D
180,A
190,D
179,A
179,M
192,D
197,P
183,A
168,A
180,M
180,M
188,M
179,M
178,M
180,M
183,M
178,A
185,D
177,M
185,D
180,D
179,D
190,A
180,A
183,A
192,M
189,M
178,D
178,P
174,A
170,A
176,M
170,A
195,A
178,M
187,D
178,M
183,M
167,M
178,M
178,M
170,M
180,A
180,A
180,D
185,A
175,A
183,M
180,M
173,M
185,M
180,M
175,D
185,D
178,A
175,A
184,M
184,D
179,D
174,M
189,A
176,M
184,D
180,M
182,M
188,D
180,D
173,M
186,D
179,M
188,M
184,A
180,A
178,D
178,A
181,A
185,D
182,A
180,A
180,M
188,D
172,M
183,P
191,A
181,D
178,D
191,P
191,P
178,D
173,D
188,M
179,M
180,A
193,A
179,A
185,D
178,M
179,D
183,M
168,D
183,D
184,A
180,A
203,A
173,A
180,D
170,A
193,A
175,M
175,M
178,D
191,A
174,M
188,M
167,M
173,A
183,M
184,M
183,D
187,P
177,A
176,M
184,P
185,D
184,D
180,M
181,A
193,P
175,M
177,M
184,M
185,D
189,M
179,M
182,M
173,M
165,A
184,M
191,P
175,M
185,A
187,M
170,M
184,M
178,M
174,A
179,A
178,A
181,M
194,D
179,M
185,D
180,D
178,M
184,M
178,A
188,D
176,M
191,D
174,M
180,A
180,M
182,A
180,D
192,A
188,P
172,M
168,M
177,D
165,M
194,A
174,M
181,M
177,M
174,D
180,P
177,P
191,D
179,M
194,D
185,A
176,M
194,A
187,P
187,D
173,D
188,M
178,P
185,D
180,D
177,A
176,M
185,D
182,A
182,M
185,M
169,M
179,D
179,M
182,D
176,A
172,M
171,A
190,A
175,M
178,M
190,A
180,M
191,M
179,A
187,P
189,D
180,P
188,D
178,A
187,D
181,M
189,P
185,D
178,M
190,M
189,P
175,M
185,M
176,A
180,A
185,M
186,P
188,D
198,P
182,A
192,D
182,M
190,A
182,D
189,A
191,A
183,A
192,A
181,M
180,A
178,D
181,A
191,A
182,P
178,M
173,M
192,D
188,D
180,D
175,A
187,P
187,P
182,D
185,M
182,D
185,P
180,M
189,P
177,M
182,D
172,A
184,M
174,D
184,M
168,M
175,A
180,D
183,A
175,A
174,M
185,D
185,A
195,P
178,A
180,A
180,M
182,P
179,M
172,M
187,A
181,D
165,M
177,M
198,P
180,D
179,M
174,M
180,M
183,M
191,A
196,D
182,P
180,A
185,M
181,D
178,M
176,A
179,M
191,D
188,D
176,M
175,M
178,A
190,P
192,P
185,A
180,D
174,M
175,M
175,M
178,M
181,D
193,D
173,D
185,M
170,M
190,D
189,D
182,D
180,P
180,D
175,D
180,M
179,D
185,D
182,D
179,M
182,M
185,A
174,A
177,M
173,A
186,P
182,D
191,D
171,M
183,M
192,A
185,D
184,P
180,A
183,M
178,D
170,A
183,D
185,P
190,P
179,M
191,D
173,A
182,M
191,D
171,A
186,A
173,M
175,M
183,D
187,D
180,D
178,A
197,P
187,A
171,A
179,M
186,M
178,M
180,M
175,D
177,A
176,M
183,A
183,A
173,D
180,D
170,D
178,A
170,M
176,D
189,D
185,D
180,D
180,D
178,A
176,A
175,A
180,M
183,D
170,A
178,A
180,M
184,M
181,D
178,D
180,A
177,M
178,M
178,A
176,A
179,M
188,D
184,D
185,A
179,A
190,P
170,A
190,A
187,M
183,A
185,D
185,P
187,D
177,M
185,A
175,M
179,A
181,M
180,D
176,M
162,D
179,D
193,P
185,M
176,D
178,A
183,M
177,D
182,D
177,M
182,A
174,D
175,M
180,M
184,D
178,D
188,D
180,A
183,D
185,D
182,M
177,M
176,M
183,A
187,P
197,P
187,M
180,D
182,M
182,A
182,D
186,A
185,P
172,M
174,A
181,A
186,A
189,P
175,M
178,M
193,M
180,M
174,M
182,D
180,M
193,P
180,A
181,A
173,M
188,A
187,A
174,A
171,M
180,D
178,M
180,D
179,A
191,M
183,M
185,P
178,M
183,D
178,P
191,D
181,D
184,M
172,D
187,A
180,M
180,A
190,M
184,D
188,D
188,P
188,D
183,D
179,M
182,D
176,M
178,A
173,M
185,D
185,P
189,A
178,M
188,P
178,A
176,A
181,A
167,M
180,M
185,P
180,M
183,D
189,M
194,D
185,P
190,P
185,D
179,D
178,M
173,A
177,M
180,D
178,A
175,A
183,D
170,A
179,M
186,D
188,M
186,A
175,A
179,P
177,M
186,D
176,M
173,A
183,M
178,A
178,A
186,A
180,D
185,D
173,M
171,M
172,M
188,A
183,A
182,A
187,P
176,M
173,A
185,D
180,D
183,M
170,D
180,M
193,A
175,M
174,M
177,A
188,A
180,D
182,D
186,D
187,A
186,D
180,A
184,D
190,D
165,A
193,P
189,D
180,M
175,M
188,P
180,M
169,M
183,D
173,A
183,A
179,M
189,D
182,M
186,D
179,D
182,D
179,A
181,P
182,D
181,P
175,M
190,D
184,M
183,A
183,A
186,D
186,M
173,D
180,D
188,A
175,A
181,M
179,M
183,D
186,D
173,D
168,D
184,M
183,M
178,D
193,A
178,M
177,D
189,D
178,M
176,A
182,M
174,M
180,D
179,A
180,M
183,D
173,M
183,D
185,M
185,D
188,D
188,D
173,M
160,A
174,M
182,A
178,A
183,P
178,A
183,D
193,M
188,A
175,D
196,P
175,D
185,A
185,M
183,M
185,M
183,M
180,M
165,M
175,M
183,M
183,A
183,D
178,A
180,D
178,M
173,M
179,A
186,D
187,D
185,D
175,D
173,D
175,A
191,A
188,A
195,A
191,A
185,M
187,P
178,M
176,M
184,D
185,M
177,M
175,M
170,M
175,M
181,M
194,D
186,D
175,M
174,M
176,M
188,D
174,M
173,M
191,A
182,M
176,M
173,M
190,D
181,A
173,M
188,P
170,A
194,D
178,A
177,M
181,M
186,D
180,M
191,A
179,M
178,A
180,A
178,M
175,D
181,A
170,A
182,A
184,M
182,A
180,M
175,D
178,M
168,D
175,A
188,D
183,M
184,A
188,D
185,P
185,D
190,D
172,A
183,A
168,A
180,M
185,M
173,A
184,M
172,M
164,M
185,A
183,D
191,D
181,A
175,A
191,P
178,A
180,D
180,P
180,M
175,M
182,D
185,M
191,P
175,D
185,P
183,D
176,M
173,A
182,M
183,A
179,M
192,A
183,D
182,D
199,D
188,D
185,D
196,P
185,A
178,A
183,A
188,D
187,D
183,M
184,M
184,D
185,M
188,P
177,M
180,A
194,P
187,M
175,M
191,D
186,A
178,A
178,M
191,P
185,D
180,A
173,A
179,M
170,A
183,D
196,P
180,M
193,P
188,M
178,A
173,D
178,A
179,D
181,A
178,A
179,M
176,A
181,A
194,P
177,M
184,D
184,D
179,M
178,A
180,A
185,P
178,D
188,M
174,M
187,M
177,A
179,A
170,A
181,D
186,P
176,A
180,D
177,M
190,A
185,P
180,A
179,A
189,P
185,D
175,M
182,A
184,A
180,D
182,M
180,D
187,D
184,A
187,M
177,M
194,P
186,D
176,D
179,A
184,A
170,M
185,D
175,A
177,A
178,M
182,D
174,M
180,A
188,D
175,D
189,D
180,M
188,M
183,D
191,D
172,M
183,M
189,A
179,D
188,A
171,M
180,D
193,D
183,M
176,M
182,A
170,A
183,D
182,M
178,M
183,D
179,A
179,A
178,M
178,D
188,D
186,D
175,M
193,P
178,D
180,A
176,M
180,D
186,A
170,M
169,M
180,A
179,M
178,A
180,P
186,A
178,D
180,D
178,M
185,A
178,A
188,A
193,D
180,D
178,A
189,D
180,D
175,M
192,P
191,D
183,D
185,M
180,M
182,M
183,M
189,A
176,D
178,M
183,D
188,D
170,M
182,A
183,D
171,M
171,D
180,A
178,A
178,A
176,A
174,M
187,P
180,M
187,A
175,A
188,D
184,D
194,M
175,M
173,M
193,A
176,D
174,A
197,P
191,D
173,D
177,A
175,M
182,M
181,D
179,A
189,P
176,D
172,M
175,M
186,M
170,A
178,M
181,D
180,D
185,M
178,D
185,P
185,P
192,D
187,D
185,M
185,D
180,M
182,M
185,M
180,M
177,M
190,D
179,M
190,M
192,D
183,M
179,M
183,P
193,D
193,P
187,A
178,M
183,M
168,D
182,D
186,M
177,M
189,D
175,M
183,D
172,D
168,M
180,D
193,D
193,A
193,P
180,A
181,M
193,A
175,D
171,D
183,A
178,M
183,P
184,D
178,A
180,D
180,A
180,M
180,D
178,A
177,M
189,P
175,M
180,A
183,A
186,P
178,M
191,D
184,M
190,A
181,M
177,D
178,M
172,M
189,P
193,D
187,M
193,A
181,A
185,A
193,M
183,A
192,D
175,M
171,M
190,A
169,M
181,A
188,M
187,P
188,M
183,A
182,D
179,M
178,A
170,M
190,D
199,P
180,A
190,A
186,D
183,D
190,D
181,M
180,D
175,A
177,A
190,A
178,M
181,M
182,D
178,A
191,A
184,A
181,M
187,A
174,M
178,A
183,D
184,P
180,P
185,M
185,D
199,P
173,A
180,A
180,M
172,M
183,D
175,D
175,M
181,M
184,P
182,D
182,D
184,P
174,M
180,M
178,M
186,A
187,P
180,A
183,M
185,A
183,M
193,D
185,M
179,M
197,P
185,M
171,A
188,P
183,D
187,P
188,P
175,A
186,D
188,A
188,P
165,M
184,M
180,A
191,P
194,A
182,M
169,M
191,A
176,M
183,D
173,D
182,M
184,M
191,A
173,M
173,M
180,M
171,A
174,A
170,M
191,A
186,D
190,D
188,P
180,A
186,D
182,D
173,D
180,D
175,M
190,D
183,M
180,A
195,P
175,A
182,D
186,A
172,A
189,A
170,A
182,D
185,P
182,D
170,M
192,D
175,M
183,A
187,D
190,A
175,M
178,D
191,P
170,A
180,M
183,D
174,D
186,P
186,D
185,A
180,M
180,M
175,D
182,M
193,A
177,M
176,M
178,M
180,M
170,M
190,D
183,M
178,A
185,D
177,M
180,D
180,A
190,P
185,D
193,A
180,M
195,D
182,D
187,P
189,A
176,M
179,M
178,D
180,D
194,M
194,D
183,D
171,D
185,P
189,A
185,M
183,M
190,D
181,M
186,D
175,M
185,D
179,A
178,A
181,M
182,D
188,P
176,D
182,D
175,A
188,D
188,P
178,D
196,P
173,M
180,M
190,P
166,A
176,D
180,M
185,D
188,D
174,A
185,P
189,P
188,D
176,A
181,A
190,D
175,D
180,M
178,M
188,D
178,M
178,M
181,D
189,M
185,D
178,M
175,M
183,D
188,D
186,D
173,M
191,D
185,D
195,P
184,P
175,M
198,P
185,D
185,A
170,M
180,D
185,P
175,M
185,P
179,D
186,M
183,D
176,M
183,D
180,D
177,A
187,D
171,M
183,M
183,M
185,D
170,M
181,M
188,D
177,D
181,A
183,D
191,A
195,A
178,M
194,D
182,A
174,M
187,D
182,D
183,D
193,D
182,M
185,D
183,D
176,A
177,M
178,D
177,M
179,A
186,M
185,D
180,M
184,M
178,M
180,A
178,M
185,D
183,P
185,M
178,M
188,A
178,D
187,D
187,D
178,D
170,A
180,D
181,D
192,D
173,M
183,D
183,D
180,D
185,A
183,D
175,M
183,A
187,D
171,M
182,M
185,P
191,M
179,A
185,M
183,M
180,M
190,D
176,M
175,M
175,M
182,D
179,A
175,M
192,D
179,M
178,A
182,D
176,D
180,A
187,D
185,M
183,M
180,M
186,P
171,M
189,D
191,M
184,A
186,D
189,D
180,M
180,A
192,M
188,A
176,M
190,A
183,D
181,A
178,M
183,M
178,M
180,M
183,D
184,A
180,A
177,M
193,P
172,A
191,D
180,D
184,M
190,D
178,M
178,D
182,M
193,D
184,M
194,A
180,M
182,D
186,M
183,M
166,D
177,M
190,D
185,A
187,A
190,D
178,A
196,D
190,P
182,D
183,M
183,D
173,M
185,D
184,D
195,D
181,M
183,M
183,M
191,D
186,A
182,D
191,P
175,D
172,M
190,D
185,A
183,M
187,P
185,D
179,M
186,D
184,M
167,D
184,M
174,P
184,P
179,D
185,M
185,A
180,D
190,P
191,M
185,M
185,D
180,M
191,D
188,P
190,P
186,D
173,A
188,M
193,P
188,A
179,M
180,M
175,M
186,M
187,D
186,P
183,D
175,M
181,D
179,M
190,D
169,A
184,A
196,P
183,P
190,A
189,D
194,A
186,P
170,M
175,A
180,A
181,M
187,P
184,P
187,D
166,M
185,D
183,M
177,A
184,D
175,D
178,M
186,P
186,D
183,A
187,M
173,M
180,M
172,M
185,A
182,D
184,P
188,P
175,D
175,M
182,D
175,M
188,A
185,D
188,A
183,M
182,D
180,M
194,M
186,D
187,A
173,M
190,D
182,M
185,M
187,D
180,A
177,P
180,M
196,P
177,D
191,D
190,D
193,P
182,D
169,M
190,M
175,M
182,D
193,P
170,M
174,D
174,A
170,M
181,M
181,A
191,P
180,M
183,D
171,D
180,M
180,M
191,D
178,M
178,M
188,P
180,A
175,M
169,A
191,A
180,A
188,P
173,D
188,D
191,D
189,D
188,P
185,D
196,P
188,D
188,D
188,P
176,M
191,D
171,D
180,M
183,D
180,M
196,P
183,A
180,M
170,M
182,A
181,D
193,D
172,D
175,D
194,P
178,A
189,D
184,M
185,D
185,D
177,A
163,M
190,M
175,M
201,A
191,P
184,M
193,D
175,M
183,D
183,M
178,M
191,P
193,D
194,P
178,A
181,D
180,P
183,M
175,M
182,M
183,M
178,M
178,A
178,M
181,D
173,M
186,D
184,D
193,P
175,M
175,D
185,P
179,M
175,D
182,D
178,M
175,D
187,P
173,A
180,A
180,D
185,D
178,M
176,M
179,M
189,M
183,D
184,A
173,M
178,M
178,D
176,A
193,P
183,D
182,D
170,D
185,M
185,P
198,D
180,D
173,D
182,M
187,M
188,D
175,M
168,M
185,D
182,D
174,M
190,D
179,M
181,A
183,M
185,M
180,D
185,M
178,D
188,D
182,P
179,A
175,M
189,P
179,M
179,M
181,D
193,M
188,P
186,M
188,D
183,A
183,D
178,M
182,D
180,M
177,A
179,A
181,M
177,M
181,M
175,M
175,D
185,D
191,D
188,A
181,D
186,A
194,D
191,A
179,A
188,D
193,P
185,A
178,D
185,A
191,D
180,A
164,A
186,D
190,M
174,M
181,D
173,M
191,A
182,M
178,D
178,M
173,M
178,A
180,A
177,D
193,P
168,A
184,M
185,M
185,D
175,M
191,D
180,D
184,D
190,P
188,D
185,P
188,A
170,M
180,M
177,D
188,A
196,D
168,M
183,D
191,D
191,D
185,A
188,D
174,M
170,M
178,M
180,D
193,P
170,M
182,M
176,M
173,M
170,M
183,D
180,D
183,P
173,M
183,M
185,A
191,A
179,M
180,A
173,M
183,D
173,M
181,A
185,M
192,D
191,A
198,D
185,D
183,M
178,A
191,M
185,D
174,M
178,M
180,P
191,P
181,P
191,A
178,A
182,M
178,A
175,M
174,A
175,M
190,P
175,D
183,P
175,M
193,P
173,M
184,D
178,D
183,A
191,P
178,D
174,M
189,D
174,M
193,A
180,A
178,D
189,D
175,A
185,D
180,M
185,A
177,M
173,M
186,D
173,M
178,M
175,M
175,A
183,M
188,P
188,D
193,P
188,M
170,D
183,A
175,M
175,D
183,D
180,D
185,A
185,M
185,P
173,A
180,A
180,D
178,M
182,A
183,P
185,D
180,D
175,A
178,M
193,D
183,M
185,D
183,D
178,D
180,D
187,D
178,A
180,M
178,M
191,M
188,M
185,P
183,D
177,A
170,A
188,P
173,A
182,M
186,D
185,D
185,D
186,P
185,D
184,M
182,P
188,M
192,A
183,M
185,P
173,M
196,A
182,M
176,A
181,D
185,M
188,D
185,A
183,D
184,A
188,P
173,D
186,A
178,M
188,P
179,M
191,P
191,D
188,P
183,D
176,M
186,M
175,D
180,D
183,M
180,M
185,D
185,A
187,A
183,M
180,D
170,M
181,A
182,D
181,D
185,P
168,M
184,D
191,A
184,D
183,M
194,P
190,D
189,P
181,M
177,D
190,D
179,M
186,D
178,A
190,D
175,M
192,D
191,P
183,M
191,P
184,A
174,M
192,P
187,P
178,D
176,D
175,A
191,D
179,M
188,P
178,D
171,A
180,D
182,A
173,A
177,M
192,A
183,A
175,M
182,D
178,M
188,A
192,P
183,D
186,M
188,D
180,M
191,P
180,A
173,A
191,P
185,A
181,A
175,A
180,D
178,D
175,A
184,P
179,M
171,A
180,M
182,M
174,D
190,D
170,M
179,M
175,M
178,D
177,D
178,M
171,M
188,D
173,M
179,M
182,D
183,M
185,D
165,M
182,P
194,P
181,M
176,M
180,M
172,A
187,A
178,M
187,D
180,A
182,M
174,M
196,P
196,M
175,A
189,A
175,A
183,D
179,D
179,M
